species,url,image_url,license,attribution,common_name,inat_id
Agarophyton vermiculophyllum,https://www.inaturalist.org/taxa/199382,https://inaturalist-open-data.s3.amazonaws.com/photos/5546333/medium.jpg,cc-by-nc,(c) Susan J. Hewitt,NA,199382
Ammothea hilgendorfi,https://www.inaturalist.org/taxa/51489,https://inaturalist-open-data.s3.amazonaws.com/photos/3281/medium.jpg,cc-by,(c) Ken-ichi Ueda,Hilgendorf's Sea Spider,51489
Amphibalanus amphitrite,https://www.inaturalist.org/taxa/119104,https://inaturalist-open-data.s3.amazonaws.com/photos/170087001/medium.jpg,cc-by-nc,(c) Lo√Øs Rancilhac,Striped Barnacle,119104
Amphibalanus reticulatus,https://www.inaturalist.org/taxa/209082,https://inaturalist-open-data.s3.amazonaws.com/photos/13370496/medium.jpeg,cc-by-nc,(c) Jon McIntyre,Reticulated Barnacle,209082
Asterocarpa humilis,https://www.inaturalist.org/taxa/651661,https://inaturalist-open-data.s3.amazonaws.com/photos/172395761/medium.jpeg,cc-by-nc,(c) Sylvain Le Bris,Compass Sea Squirt,651661
Bispira polyomma,https://www.inaturalist.org/taxa/560511,https://inaturalist-open-data.s3.amazonaws.com/photos/95930899/medium.jpg,cc-by-nc,(c) Glenn Biscop,Purple fan worm,560511
Bonnemaisonia hamifera,https://www.inaturalist.org/taxa/182985,https://inaturalist-open-data.s3.amazonaws.com/photos/354198400/medium.jpg,cc-by-nc,(c) Jamie O'Neill,Bonnemaison's Hook Weed,182985
Botrylloides diegensis,https://www.inaturalist.org/taxa/344286,https://inaturalist-open-data.s3.amazonaws.com/photos/313472699/medium.jpeg,cc-by-nc,(c) Fr√©d√©ric ANDRE,San Diego Sea Squirt,344286
Botrylloides violaceus,https://www.inaturalist.org/taxa/81776,https://inaturalist-open-data.s3.amazonaws.com/photos/416375301/medium.jpg,cc-by-nc,(c) Pauline Walsh Jacobson,Chain Tunicate,81776
Bugula neritina,https://www.inaturalist.org/taxa/81637,https://inaturalist-open-data.s3.amazonaws.com/photos/315118131/medium.jpeg,cc-by-nc,(c) Janine Baker,brown bryozoan,81637
Callinectes sapidus,https://www.inaturalist.org/taxa/49504,https://inaturalist-open-data.s3.amazonaws.com/photos/175905385/medium.jpg,cc-by-nc,(c) Alex Shure,Atlantic Blue Crab,49504
Caprella mutica,https://www.inaturalist.org/taxa/64634,https://inaturalist-open-data.s3.amazonaws.com/photos/114511443/medium.jpg,cc-by,(c) Cricket Raspet,Japanese Skeleton Shrimp,64634
Ciona savignyi,https://www.inaturalist.org/taxa/81614,https://inaturalist-open-data.s3.amazonaws.com/photos/1083563/medium.jpg,cc-by-nc,(c) Robin Gwen Agarwal,Pacific transparent sea squirt,81614
Codium fragile,https://www.inaturalist.org/taxa/67555,https://inaturalist-open-data.s3.amazonaws.com/photos/175117243/medium.jpeg,cc-by,(c) Saryu Mae,Dead Man's Fingers,67555
Colpomenia peregrina,https://www.inaturalist.org/taxa/129737,https://inaturalist-open-data.s3.amazonaws.com/photos/11366229/medium.jpeg,cc-by-nc,(c) tangatawhenua,Oyster-thief,129737
Corella eumyota,https://www.inaturalist.org/taxa/495185,https://inaturalist-open-data.s3.amazonaws.com/photos/105203707/medium.jpg,cc-by-nc,(c) Gonzalo Bravo,Orange-tipped Sea Squirt,495185
Diadumene lineata,https://www.inaturalist.org/taxa/81783,https://inaturalist-open-data.s3.amazonaws.com/photos/162510068/medium.jpeg,cc-by,(c) Oscar Dove,Striped Green Sea Anemone,81783
Didemnum vexillum,https://www.inaturalist.org/taxa/126506,https://inaturalist-open-data.s3.amazonaws.com/photos/91882633/medium.jpeg,cc-by-nc,(c) Tom Turner,Carpet Sea Squirt,126506
Dyspanopeus sayi,https://www.inaturalist.org/taxa/194084,https://inaturalist-open-data.s3.amazonaws.com/photos/417413341/medium.jpeg,cc-by-nc,(c) cccrll,Small Mud Crab,194084
Eriocheir sinensis,https://www.inaturalist.org/taxa/63038,https://inaturalist-open-data.s3.amazonaws.com/photos/6037273/medium.jpg,cc-by-nc,(c) Ond≈ôej Radosta,Chinese Mitten Crab,63038
Ficopomatus enigmaticus,https://www.inaturalist.org/taxa/85363,https://inaturalist-open-data.s3.amazonaws.com/photos/174872692/medium.jpg,cc-by-nc,(c) Leslie Harris,Australian Tubeworm,85363
Grateloupia turuturu,https://www.inaturalist.org/taxa/447071,https://inaturalist-open-data.s3.amazonaws.com/photos/9530239/medium.jpg,cc-by-nc,(c) Cristina,Devil's Tongue Weed,447071
Hemigrapsus sanguineus,https://www.inaturalist.org/taxa/48904,https://inaturalist-open-data.s3.amazonaws.com/photos/128030484/medium.jpg,cc-by-nc,(c) Ond≈ôej Radosta,Asian Shore Crab,48904
Hemigrapsus takanoi,https://www.inaturalist.org/taxa/491876,https://inaturalist-open-data.s3.amazonaws.com/photos/128030524/medium.jpg,cc-by-nc,(c) Ond≈ôej Radosta,Brush-clawed Shore Crab,491876
Hesperibalanus fallax,https://www.inaturalist.org/taxa/690071,https://inaturalist-open-data.s3.amazonaws.com/photos/30552199/medium.jpg,cc-by-nc,(c) Antonio Xeira,NA,690071
Hydroides ezoensis,https://www.inaturalist.org/taxa/390784,https://inaturalist-open-data.s3.amazonaws.com/photos/173136403/medium.jpg,cc-by-nc,(c) Leslie Harris,NA,390784
Magallana gigas,https://www.inaturalist.org/taxa/605992,https://inaturalist-open-data.s3.amazonaws.com/photos/50908026/medium.jpg,cc0,no rights reserved,Pacific Oyster,605992
Perophora japonica,https://www.inaturalist.org/taxa/209151,https://inaturalist-open-data.s3.amazonaws.com/photos/267320451/medium.jpg,cc-by-nc,(c) Christine Morrow,"
Creeping sea squirt",209151
Pseudodiaptomus marinus,https://www.inaturalist.org/taxa/549873,https://inaturalist-open-data.s3.amazonaws.com/photos/431175479/medium.png,cc-by,"© Gubanova A, Drapun I, Garbazey O, Krivenko O, Vodiasova E. 2020",NA,549873
Sargassum muticum,https://www.inaturalist.org/taxa/130177,https://inaturalist-open-data.s3.amazonaws.com/photos/315008207/medium.jpeg,cc-by-nc,(c) Alexis,Japanese Wireweed,130177
Schizoporella japonica,https://www.inaturalist.org/taxa/519486,https://inaturalist-open-data.s3.amazonaws.com/photos/753399/medium.jpg,cc-by-nc,(c) dmfeldmann08,Orange Ripple Bryozoan,519486
Styela clava,https://www.inaturalist.org/taxa/81615,https://inaturalist-open-data.s3.amazonaws.com/photos/1178910/medium.jpg,cc-by-nc,(c) Robin Gwen Agarwal,Stalked Sea Squirt,81615
Tricellaria inopinata,https://www.inaturalist.org/taxa/484296,https://inaturalist-open-data.s3.amazonaws.com/photos/172164668/medium.jpeg,cc-by-nc,(c) Fr√©d√©ric ANDRE,Unexpected Bryozoan,484296
Undaria pinnatifida,https://www.inaturalist.org/taxa/68786,https://inaturalist-open-data.s3.amazonaws.com/photos/14817705/medium.jpeg,cc-by-nc,(c) Lloyd Esler,Wakame,68786
Watersipora subatra,https://www.inaturalist.org/taxa/632656,https://inaturalist-open-data.s3.amazonaws.com/photos/438761881/medium.jpg,cc-by,(c) Donald Davesne,Red Ripple Bryozoan,632656
Botryocladia wrightii,https://www.inaturalist.org/taxa/1596283,https://inaturalist-open-data.s3.amazonaws.com/photos/469945680/medium.jpeg,cc-by-nc,(c) Michiel Vos,NA,1596283
Ensis leei,https://www.inaturalist.org/taxa/765132,https://inaturalist-open-data.s3.amazonaws.com/photos/48475/medium.jpg,cc-by-nc-sa,(c) Ken-ichi Ueda,Atlantic Jackknife,765132
Arcuatula senhousia,https://www.inaturalist.org/taxa/332241,https://inaturalist-open-data.s3.amazonaws.com/photos/2026721/medium.jpg,cc-by-nc,(c) Damon Tighe,Asian Date Mussel,332241
Asparagopsis armata,https://www.inaturalist.org/taxa/57779,https://inaturalist-open-data.s3.amazonaws.com/photos/180355424/medium.jpg,cc-by-nc,(c) Jean-Paul Cassez,Harpoonweed,57779
Asterias amurensis,https://www.inaturalist.org/taxa/152977,https://inaturalist-open-data.s3.amazonaws.com/photos/13794199/medium.jpeg,cc-by-nc,(c) Wayne Martin,Northern Pacific Sea Star,152977
Austrominius modestus,https://www.inaturalist.org/taxa/410684,https://inaturalist-open-data.s3.amazonaws.com/photos/159575958/medium.jpeg,cc-by-nc,(c) A Emmerson,New Zealand Barnacle,410684
Caulacanthus okamurae,https://www.inaturalist.org/taxa/462078,https://inaturalist-open-data.s3.amazonaws.com/photos/165135897/medium.jpeg,cc-by-nc,(c) Maya Bee,Pom-Pom Weed,462078
Celtodoryx ciocalyptoides,https://www.inaturalist.org/taxa/949656,https://inaturalist-open-data.s3.amazonaws.com/photos/118996492/medium.jpg,cc-by-nc,(c) Xavier Rufray,NA,949656
Crepidula fornicata,https://www.inaturalist.org/taxa/125343,https://inaturalist-open-data.s3.amazonaws.com/photos/29406650/medium.jpg,cc-by-nc,(c) Susan J. Hewitt,Slipper limpet,125343
Megabalanus coccopoma,https://www.inaturalist.org/taxa/261218,https://inaturalist-open-data.s3.amazonaws.com/photos/38345924/medium.jpg,cc-by-nc,(c) Janson Jones,Titan Acorn Barnacle,261218
Ocinebrellus inornatus,https://www.inaturalist.org/taxa/626388,https://inaturalist-open-data.s3.amazonaws.com/photos/14671769/medium.jpg,cc-by-nc,(c) ittibittium,Japanese Oyster Drill,626388
Urosalpinx cinerea,https://www.inaturalist.org/taxa/58399,https://inaturalist-open-data.s3.amazonaws.com/photos/183516390/medium.jpg,cc-by,(c) Smithsonian Environmental Research Center,Eastern Oyster Drill,58399
